,United Arab Emirates Dirham,Albanian Lek,Armenian Dram,Argentine Peso,Australian Dollar,Azerbaijani Manat,Bangladeshi Taka,Bulgarian Lev,Brazilian Real,Belarusian Ruble,Canadian Dollar,Chinese Yuan,Czech Republic Koruna,Danish Krone,Algerian Dinar,Egyptian Pound,Ethiopian Birr,Euro,British Pound Sterling,Georgian Lari,Ghanaian Cedi,Guatemalan Quetzal,Hong Kong Dollar,Honduran Lempira,Hungarian Forint,Indonesian Rupiah,Israeli New Sheqel,Indian Rupee,Jamaican Dollar,Jordanian Dinar,Japanese Yen,Kenyan Shilling,Kyrgystani Som,South Korean Won,Kazakhstani Tenge,Moroccan Dirham,Mongolian Tugrik,Mexican Peso,Malaysian Ringgit,Nigerian Naira,Norwegian Krone,Nepalese Rupee,New Zealand Dollar,Philippine Peso,Pakistani Rupee,Polish Zloty,Romanian Leu,Russian Ruble,Saudi Riyal,Swedish Krona,Singapore Dollar,Swazi Lilangeni,Thai Baht,Tunisian Dinar,Turkish Lira,Trinidad and Tobago Dollar,New Taiwan Dollar,Ukrainian Hryvnia,Ugandan Shilling,United States Dollar,Uruguayan Peso,Uzbekistan Som,Vietnamese Dong,South African Rand,Zimbabwean Dollar
2017-01-01,3.672896,128.298385,483.727501,15.86875,1.3862,1.8017,79.312949,1.85745,3.254444,1.965632,1.3444,6.9447,25.670833,7.064656,110.397,18.1175,22.474959,0.949713,0.809782,2.65388,4.27,7.547478,7.75565,23.358379,293.845,13487.716667,3.84529,67.956337,129.298155,0.708099,116.82243628,102.441662,69.217551,1206.45,334.925938,10.127434,2484.166667,20.71768,4.486,308.09557,8.63558,108.905844,1.440839,49.566298,104.732275,4.183885,4.31268,61.252419,3.75055,9.100513,1.448602,13.746232,35.797415,2.30149,3.524511,6.74272,32.453368,27.191873,3627.408069,1.0,29.245598,3195.626613,22792.5,13.78381,322.322775
2017-02-01,3.672779,126.865984,486.285,15.794,1.318685,1.9517,79.905332,1.816755,3.1295,1.942463,1.304831,6.881581,25.091076,6.906645,109.321235,18.841,22.698345,0.928581,0.789817,2.696785,4.395825,7.497522,7.759441,23.621823,287.385,13352.066667,3.7735,67.4056,129.252768,0.7085,113.2895,103.895,69.110399,1152.95,326.320491,9.9926,2451.436667,20.71387,4.430171,305.836139,8.233107,108.313424,1.377987,49.763626,104.8,3.998143,4.217007,60.1455,3.74965,8.750101,1.413119,13.48691,35.14,2.310097,3.77323,6.743031,31.296,27.050908,3597.45,1.0,28.146154,3271.359946,22586.816667,13.464471,322.322775
2017-03-01,3.672611,128.003119,485.956231,15.45,1.305633,1.765,79.974152,1.85229,3.089705,1.891965,1.335425,6.88275,25.645,7.055358,110.234909,16.2015,22.639873,0.949132,0.814956,2.491889,4.7039,7.365403,7.76305,23.545705,291.8825,13347.233333,3.664175,66.866684,128.725725,0.7085,114.12616667,102.74,69.173799,1140.5,313.508676,10.123285,2471.98,19.855183,4.448499,314.375599,8.424345,106.761208,1.405111,50.314469,104.7,4.06365,4.293601,58.2472,3.75005,9.059231,1.41216,13.043117,35.0235,2.314903,3.651417,6.711237,30.772,27.144094,3590.35,1.0,28.193782,3340.75,22782.966667,13.024275,322.322775
2017-04-01,3.672895,127.676147,484.702879,15.37925,1.31053,1.715,80.491119,1.835534,3.1222,1.879851,1.332095,6.8897,25.364008,6.982545,110.112148,18.0475,22.724492,0.937734,0.797194,2.43316,4.335578,7.355482,7.77078,23.37939,289.5185,13322.985417,3.63075,64.8067,129.220268,0.709904,111.375,102.966744,68.557649,1117.71,314.444199,10.068446,2443.844258,18.71887,4.425465,315.497113,8.59099,104.135587,1.42745,50.17,104.85,3.971251,4.274884,56.246,3.7501,8.970505,1.39705,13.406704,34.344,2.285904,3.636972,6.746352,30.33,27.091853,3625.85,1.0,28.653836,3601.85,22774.343378,13.423405,322.387247
2017-05-01,3.673097,123.879477,485.999027,15.3835,1.3277,1.7,82.782615,1.79476,3.1764,1.877314,1.367565,6.8944,24.621838,6.817315,109.227842,18.122,22.977298,0.916707,0.775344,2.43912,4.220955,7.368292,7.778583,23.520636,286.0245,13332.178017,3.614165,64.22,129.704254,0.709603,111.81792308,103.285,67.487499,1137.28,315.90524,9.918353,2412.333333,18.73055,4.3425,315.903654,8.585173,103.267801,1.444669,50.1545,105.109188,3.872115,4.163525,57.0088,3.750741,8.844089,1.396196,13.314974,34.609032,2.446102,3.554355,6.752686,30.208462,26.634266,3649.608069,1.0,28.126498,3717.5,22760.333333,13.396781,322.387247
2017-06-01,3.672896,119.588393,483.138772,16.051,1.35494,1.685,80.903598,1.744705,3.2505,1.867267,1.351586,6.809494,23.477555,6.633528,108.358,18.006,23.038662,0.891834,0.776005,2.42136,4.31048,7.362901,7.791521,23.529273,274.719,13313.693067,3.551355,64.3823,130.449094,0.709703,111.444125,103.291215,68.077749,1122.01,313.016605,9.75095,2393.361147,18.65265,4.288,315.038439,8.453059,103.391197,1.41615,49.788402,104.958162,3.740528,4.070005,56.4133,3.7502,8.682715,1.386501,13.052999,34.15,2.465305,3.530637,6.738466,30.107,26.308302,3617.558069,1.0,28.293384,3851.2,22696.905655,12.89545,322.387247
2017-07-01,3.673014,115.982238,479.227298,16.6235,1.300559,1.68605,80.445452,1.71187,3.3077,1.9373,1.29658,6.77755,22.8636,6.5062,107.750311,18.117,23.185287,0.875305,0.767595,2.393502,4.371599,7.322482,7.8075,23.305322,270.4,13332.663629,3.48843,64.6122,129.303493,0.708901,112.405,103.652719,69.197605,1145.6,321.261483,9.635846,2344.41834,18.12575,4.293505,313.991088,8.346605,103.20536,1.363736,50.396,104.628428,3.70355,3.993298,58.905,3.7503,8.4235,1.3765,13.046047,33.9135,2.466005,3.520006,6.717164,30.417,26.030646,3588.1,1.0,28.31064,3949.45,22709.07319,13.097495,322.387247
2017-08-01,3.673097,112.453203,479.54899,17.574,1.256849,1.68545,81.338625,1.6568,3.1262,1.94564,1.254794,6.715162,22.15367,6.296218,108.454,17.853,23.437564,0.846655,0.757171,2.39142,4.397571,7.288057,7.813305,23.45,257.0803,13317.085826,3.560865,64.0658,127.665593,0.7085,110.44099822,103.914027,68.656403,1121.39,332.135291,9.444102,2442.312917,17.896813,4.2865,315.485669,7.922207,102.545585,1.346744,50.422,105.44147,3.603738,3.854394,60.2964,3.75015,8.11038,1.359328,13.261817,33.2945,2.426603,3.52962,6.750568,30.251,25.88371,3624.858069,1.0,28.265527,4077.891667,22685.962744,13.254604,322.322775
2017-09-01,3.673018,112.65,479.97899,17.21,1.254846,1.7,81.183815,1.6492,3.14057,1.934706,1.23965,6.56125,21.9706,6.27095,111.108673,17.6415,23.555,0.843035,0.772198,2.4363,4.450017,7.325391,7.82368,23.506049,257.7725,13331.995889,3.575745,63.8239,129.145085,0.708901,110.255,103.11542,68.675501,1121.95,339.561523,9.383081,2425.8999,17.82325,4.270494,359.730849,7.795045,102.866291,1.397664,51.0685,105.725257,3.584296,3.873412,57.5005,3.7499,7.99975,1.35793,12.989102,33.1585,2.440103,3.429357,6.762623,30.119,25.808934,3616.25,1.0,28.974208,4198.9,22743.623473,12.94035,322.355011
2017-10-01,3.672965,113.777225,481.658804,17.537234,1.275208,1.68525,82.808961,1.664586,3.164879,1.97054,1.248128,6.658887,22.002413,6.302195,113.688787,17.653,23.63893,0.846824,0.746469,2.4693,4.427409,7.379029,7.810575,23.519291,263.908,13498.158815,3.53569,65.299477,130.991002,0.7086,112.6583,103.866643,68.645752,1145.66,342.53341,9.466635,2459.308235,18.2307,4.22244,358.82534,7.9661,105.151062,1.385445,50.929466,105.888779,3.653403,3.889221,57.5561,3.7502,8.147967,1.357402,13.568849,33.288952,2.475195,3.565248,6.793774,30.328,26.751304,3632.233069,1.0,29.288344,8103.933333,22770.766667,13.563158,322.355011
2017-11-01,3.672896,114.903898,482.401304,17.60439,1.302592,1.6985,83.327698,1.68046,3.267677,1.978314,1.287375,6.60035,21.986367,6.399696,115.158,17.6425,27.327897,0.859953,0.754344,2.545329,4.40808,7.365924,7.80145,23.667996,267.269333,13551.413381,3.510565,64.5651,127.323036,0.709001,114.17328176,103.7,68.735479,1111.0,336.061596,9.511351,2452.255814,19.121025,4.2315,356.0,8.144346,103.535708,1.45123,51.534,105.498568,3.641304,3.958906,58.2447,3.7503,8.398613,1.36062,14.164201,33.13,2.498006,3.817511,6.742364,30.143,26.930117,3648.158069,1.0,29.175769,8092.8,22714.453308,14.06804,322.355011
2017-12-01,3.673097,112.357515,485.135,17.2135,1.313888,1.6985,82.368,1.642725,3.2563,2.014587,1.26892,6.61405,21.49,6.255485,114.697628,17.673,27.393,0.840831,0.74219,2.710412,4.497159,7.351959,7.81201,23.659145,263.818,13521.099889,3.48543,64.5105,125.575,0.709503,112.125,102.95,69.707451,1083.3,331.37,9.394867,2439.11045,18.625775,4.089981,360.1,8.283632,103.22,1.4521,50.258,105.405,3.54275,3.894307,58.8891,3.75035,8.3545,1.346645,13.727983,32.592,2.481,3.913204,6.731841,30.0165,27.1125,3634.0,1.0,28.998336,8098.1,22718.801563,13.74373,322.355011
2018-01-01,3.672779,110.661801,483.164905,18.591408,1.282205,1.7,82.615,1.62956,3.31251,1.974791,1.25567,6.52085,21.274775,6.19814,114.764,17.7605,27.361693,0.832586,0.740188,2.591663,4.526409,7.333271,7.814332,23.601022,258.51,13563.447201,3.47575,63.8802,124.318143,0.710507,112.7745,103.05798,69.456,1066.25,332.140291,9.332579,2422.886667,19.6582,4.0614,358.519239,8.19704,102.02656,1.411234,49.92,110.415774,3.47799,3.887501,57.618,3.7507,8.181884,1.337503,12.283251,32.57,2.455502,3.792194,6.71525,29.785,28.113166,3633.608069,1.0,28.827063,8101.4,22700.883864,12.401783,322.355011
2018-02-01,3.673097,107.109555,480.692877,19.3615,1.243791,1.7,82.952093,1.56344,3.1668,1.980411,1.225933,6.2998,20.15158,5.950188,113.4,17.645,27.56,0.799308,0.700957,2.478993,4.513756,7.355104,7.81985,23.626002,247.112,13411.494358,3.428378,63.8973,124.359947,0.709503,109.39925,101.89,68.406499,1072.0,322.219786,9.116,2416.494071,18.333462,3.901,360.026356,7.64164,102.049388,1.351433,51.559,110.642255,3.320775,3.717201,55.9779,3.7496,7.84281,1.308499,11.902121,31.31,2.381593,3.734405,6.760971,29.202,27.83584,3629.208069,1.0,28.393693,8177.733333,22710.336219,11.8518,322.355011
2018-03-01,3.673097,108.12,480.780377,20.1475,1.287896,1.68825,82.969517,1.595895,3.251605,1.9606,1.283175,6.35905,20.72535,6.069457,114.16,17.6415,27.480433,0.81494,0.725942,2.464223,4.457303,7.378028,7.82735,23.626766,255.588,13723.993375,3.460315,65.155,127.111236,0.709001,106.1712,101.325877,68.067295,1082.92,321.672829,9.2245,2390.86531,18.845625,3.921493,360.443356,7.840475,104.279726,1.377283,51.919167,110.694363,3.412955,3.796091,56.8218,3.75065,8.245035,1.322323,11.878035,31.474167,2.394394,3.80889,6.72951,29.304,26.953,3643.683069,1.0,28.353428,8186.983333,22747.110027,11.864363,322.355011
2018-04-01,3.672902,106.314412,480.12,20.16125,1.301587,1.693933,82.906853,1.58615,3.303496,1.94776,1.289452,6.2833,20.6227,6.054002,114.049,17.614,27.40013,0.812131,0.712437,2.430427,4.417743,7.410217,7.84885,23.649727,253.79,13757.313762,3.503255,65.120437,125.717516,0.709503,106.31512282,100.720043,68.289801,1061.95,318.995,9.186215,2389.832694,18.19834,3.863467,360.0,7.856408,104.071159,1.38244,52.26026,115.623695,3.42245,3.777884,57.1467,3.7478,8.3538,1.311333,11.825,31.17,2.39689,3.955609,6.814205,28.989357,26.468118,3690.9,1.0,28.377573,8132.9,22788.032006,11.841223,322.355011
2018-05-01,3.673022,106.416772,485.795894,20.710289,1.3366,1.7025,84.822767,1.63163,3.5076,2.002906,1.284609,6.3449,21.415817,6.213519,114.945625,17.786,27.56304,0.833945,0.734811,2.453431,4.493458,7.437619,7.84925,23.673081,261.792,13924.248948,3.61014,66.7987,124.95726,0.709505,109.87375,100.629797,68.791852,1078.45,328.412909,9.31472,2397.878129,18.95028,3.9215,360.606861,8.088138,106.46422,1.42852,51.85,115.913291,3.56475,3.857875,63.433,3.7891,8.843429,1.333948,12.406067,31.695,2.444006,4.108935,6.802824,29.698,26.29164,3723.7,1.0,28.489097,8088.38,22759.452337,12.6747,322.355011
2018-06-01,3.673158,107.5,483.02,24.948,1.321164,1.7025,84.52255,1.67774,3.7655,2.005156,1.296756,6.4204,22.1257,6.383965,116.557,17.8865,27.57,0.85701,0.748955,2.464791,4.6975,7.476346,7.84585,23.904449,274.51,13873.878502,3.558,66.935,127.02995,0.709503,109.545,101.394,68.405523,1071.87,331.105175,9.502453,2405.175145,19.9394,3.987958,360.5,8.1859,107.371533,1.43205,52.479668,115.6,3.693512,4.000093,62.2062,3.7503,8.8216,1.338509,12.68,31.995,2.563593,4.651077,6.74155,29.819,26.1235,3772.664387,1.0,31.214178,7990.0,22797.275351,12.690155,322.355011
2018-07-01,3.673012,108.301963,481.906304,28.95,1.3516,1.7025,83.702203,1.674157,3.877136,1.987703,1.314833,6.6254,22.232065,6.380198,117.492509,17.9005,27.536989,0.8562,0.757058,2.450338,4.782196,7.492844,7.847305,24.009339,281.83,14210.2875,3.660225,68.445,129.636155,0.709505,110.72971421,100.89419,68.1675,1115.71,341.230166,9.482958,2440.833333,19.809826,4.0316,359.872783,8.1557,109.553975,1.47509,53.404543,121.657615,3.73745,3.993601,62.979,3.75035,8.950926,1.362905,13.788553,33.0436,2.618212,4.59652,6.735656,30.476,26.31379,3900.313462,1.0,31.353071,7885.583333,22939.5925,13.723,322.355011
2018-08-01,3.673181,107.723333,480.837386,27.501,1.350341,1.7025,84.518796,1.67547,3.749,1.990851,1.299915,6.8232,21.93585,6.389368,117.82345,17.8845,27.72,0.857449,0.761904,2.447742,4.755469,7.501633,7.848455,24.014263,275.148,14295.659083,3.67185,68.3171,133.552023,0.709503,111.64316667,100.604986,68.137481,1119.6,349.070838,9.4592,2439.833333,18.59535,4.0665,361.188042,8.1734,109.546373,1.471955,52.989959,123.5,3.65485,3.959916,62.9782,3.750466,8.807525,1.36216,13.24227,33.16,2.68781,4.983527,6.741597,30.624,26.976125,3690.84901,1.0,30.565847,7793.902437,23108.937672,13.222553,322.355011
2018-09-01,3.673175,108.99,482.915414,36.842,1.390047,1.7025,83.843139,1.685345,4.055308,2.085752,1.304751,6.8302,22.203947,6.425498,117.981224,17.7975,27.64459,0.8612,0.771545,2.478217,4.7455,7.563506,7.84945,24.016446,281.54,14376.016583,3.607625,71.005052,136.580012,0.709506,111.03955251,100.68,68.137481,1113.7,363.782619,9.435534,2442.166667,19.0845,4.117007,362.17,8.3873,113.520796,1.51125,53.4675,122.99,3.708725,3.999293,67.516,3.7503,9.147479,1.372119,14.645416,32.7165,2.761405,6.545173,6.742907,30.687,28.26,3764.104986,1.0,32.213818,7830.834431,23114.337672,14.68696,322.355011
2018-10-01,3.673181,109.028129,484.706411,39.4745,1.38353,1.7025,84.118318,1.689393,4.0178,2.114304,1.281353,6.8689,22.281186,6.440474,118.239215,17.911,27.807737,0.863774,0.766696,2.44699,4.857661,7.694368,7.828708,24.087664,279.105,14582.835443,3.63675,73.3671,134.175714,0.709503,113.9555,101.05,68.137481,1113.3,364.443771,9.437951,2442.166667,18.71185,4.14,363.795608,8.1518,116.576847,1.5145,54.157979,123.195617,3.702245,4.029008,64.9714,3.75025,8.945462,1.371892,14.140174,32.27,2.811493,5.938974,6.794663,30.5505,28.220204,3824.64041,1.0,33.04364,8085.117785,23118.762672,14.217985,322.355011
2018-11-01,3.673181,109.68341,487.527569,35.6675,1.387953,1.7025,83.827815,1.7148,3.6965,2.118155,1.30912,6.9234,22.6516,6.542449,118.821058,17.909,27.94582,0.877001,0.769067,2.44699,4.825522,7.723576,7.83445,24.201045,283.162121,15128.7,3.70134,73.31944,128.228118,0.709503,112.73403846,101.89,68.688487,1130.08,370.6287,9.523,2489.585003,20.1769,4.179031,363.220945,8.35722,117.501104,1.504,53.25239,133.324321,3.790607,4.088899,65.6862,3.7512,9.049872,1.37646,14.54294,32.914,2.862302,5.52475,6.738786,30.636162,28.129453,3739.237045,1.0,32.842987,8232.187069,23252.425172,14.416234,322.355011
2018-12-01,3.673175,109.759575,487.109174,37.733,1.367241,1.7025,84.188463,1.728146,3.867333,2.1412,1.3296,6.959,22.94625,6.5937,118.841353,17.912,28.165295,0.883314,0.78416,2.662552,4.9679,7.734151,7.82385,24.38497,285.925,14331.015,3.721204,69.650173,126.74,0.709504,113.4985,102.565844,68.708449,1120.5,375.160892,9.524296,2504.666667,20.40055,4.179904,365.736269,8.592542,111.925,1.454228,52.413,134.19,3.7888,4.112278,67.0571,3.75215,9.10938,1.37185,13.810503,32.964,2.922139,5.212,6.74215,30.846,28.314575,3739.769719,1.0,32.08475,8338.679869,23242.895172,13.86968,322.355011
2019-01-01,3.673105,107.726773,484.068111,37.6515,1.418806,1.7025,83.481741,1.69924,3.8814,2.160725,1.36263,6.8785,22.455293,6.513852,118.049375,17.9185,28.103459,0.872486,0.784068,2.68,4.833431,7.708474,7.83385,24.323011,280.269393,14364.1,3.73913,69.74,127.213718,0.70953,109.672,101.83716,68.707788,1114.797029,383.666093,9.547675,2453.75,19.6347,4.131977,363.079719,8.6476,111.361387,1.489747,52.504463,139.540645,3.74126,4.058492,69.0996,3.7248,8.867135,1.363001,14.344651,32.3375,2.951136,5.2897,6.80495,30.538,27.661782,3700.899447,1.0,32.361722,8318.968464,23177.006775,14.394404,322.355011
2019-02-01,3.673014,108.7,487.525212,37.1525,1.37874,1.7025,83.708,1.70937,3.66045,2.159047,1.309955,6.7449,22.44855,6.516579,118.05,17.645,28.51,0.872791,0.76425,2.6575,4.99,7.773581,7.84675,24.470039,277.11,13950.699547,3.63754,71.46535,133.57,0.709004,109.49484758,100.46,68.693522,1119.08925,380.86,9.5195,2453.75,19.100749,4.096515,361.0,8.439176,113.795487,1.449906,52.31,138.45,3.7424,4.1499,65.455,3.75045,9.052602,1.3504,13.32,31.3,2.966483,5.208317,6.79085,30.7775,27.727,3670.950889,1.0,32.496206,8390.0,23205.0,13.32352,322.355011
2019-03-01,3.673,110.3,490.044602,39.825,1.412429,1.7025,83.865,1.721515,3.77815,2.136911,1.329549,6.7064,22.55,6.5652,118.611211,17.501,28.55,0.879625,0.756945,2.66,5.525,7.709671,7.84855,24.549971,278.17,14178.566627,3.6305,70.999,129.4,0.7087,111.91440809,100.14,68.671422,1127.657219,377.45,9.5626,2453.75,19.267278,4.073985,361.5,8.58294,113.33552,1.47125,51.884713,138.625,3.78805,4.175105,65.928,3.7507,9.26861,1.3552,13.99,31.808,3.049613,5.3741,6.78735,30.85,26.89825,3704.54343,1.0,32.634101,8400.0,23216.867562,14.228195,322.355011
2019-04-01,3.673181,111.680595,486.313013,42.713,1.406424,1.7025,84.230444,1.74305,3.8519,2.137938,1.331452,6.711455,22.9979,6.662896,119.376285,17.337,28.697213,0.892455,0.76524,2.69,5.418435,7.682572,7.849726,24.564922,286.97,14230.211891,3.62065,69.204727,125.313476,0.709001,111.4514,100.854,68.708087,1133.749861,379.955321,9.677674,2512.865159,19.1742,4.0813,360.379025,8.591877,110.914029,1.472765,52.387563,140.841203,3.8347,4.251087,65.2462,3.74995,9.290114,1.355318,14.218297,31.71,3.02534,5.516138,6.773699,30.821936,27.14894,3713.087471,1.0,33.50267,8409.05788,23256.965091,14.19178,322.355011
2019-05-01,3.673014,109.982362,481.331307,44.3875,1.42573,1.7025,84.416346,1.745415,3.9208,2.104898,1.343912,6.735,22.8792,6.664478,119.40504,17.1955,28.810651,0.892663,0.766094,2.705,5.163877,7.657309,7.844999,24.543184,289.712649,14245.014291,3.5881,69.6429,133.442923,0.709003,111.453,100.966327,68.708282,1165.67,380.767002,9.646689,2453.75,18.997153,4.1329,359.380238,8.66745,111.3796,1.508979,51.900869,141.62,3.82415,4.241393,64.7568,3.75055,9.53619,1.361461,14.309051,31.9635,3.018293,5.963065,6.775292,30.928081,26.384653,3743.708033,1.0,34.652069,8445.518898,23311.14261,14.450889,322.355011
2019-06-01,3.672736,109.75,480.425211,44.694,1.4405,1.7025,84.438,1.751249,3.9244,2.099948,1.352997,6.9051,23.1428,6.6863,119.791486,16.7055,29.1,0.89338,0.7912,2.785,5.38698,7.712498,7.83925,24.610023,290.92,14321.519503,3.62803,69.5793,135.44,0.709001,108.275,101.33,68.708289,1188.95,382.821709,9.7121,2514.54849,19.6158,4.1905,360.0,8.755802,111.759765,1.530222,52.052157,146.86,3.8344,4.250516,65.4756,3.7506,9.497,1.373815,14.57,31.45399,2.996797,5.840049,6.77495,31.537,26.948,3766.201485,1.0,35.249472,8490.0,23303.009046,14.584555,322.355011
2019-07-01,3.673181,108.226987,478.471552,42.36,1.43574,1.7025,84.843994,1.73284,3.841116,2.050394,1.313508,6.8518,22.544846,6.612641,118.8675,16.7105,29.134006,0.885936,0.790855,2.825,5.419862,7.73683,7.812928,24.593282,286.5,14124.479765,3.5739,68.9085,131.535052,0.709001,108.3772963,102.69867,69.420551,1160.75,383.001878,9.621424,2661.703797,19.1029,4.1332,362.24096,8.58483,110.892857,1.49893,51.137818,162.298423,3.756432,4.192281,62.9376,3.7504,9.358842,1.355852,14.176883,30.67,2.875306,5.6526,6.800988,30.967954,26.297436,3724.257707,1.0,35.19346,8596.169155,23361.94945,14.143264,322.000001
2019-08-01,3.673181,109.175,475.894023,44.2948,1.470168,1.7025,84.510268,1.764905,3.8388,2.046549,1.32139,6.8987,23.2841,6.73927,119.88,16.58,29.05,0.902602,0.824825,2.95,5.383593,7.681465,7.825551,24.660007,295.464952,14120.187822,3.5098,69.3071,135.628777,0.709001,107.4445,103.26,69.626901,1195.393309,385.279473,9.643771,2663.908423,19.2248,4.142933,360.0,8.895344,110.538214,1.525786,51.279422,160.667368,3.889035,4.273933,64.3316,3.75095,9.659962,1.377308,14.21,30.93175,2.89201,5.604942,6.7696,31.319994,25.397449,3700.713748,1.0,34.353877,8661.571715,23109.930159,14.619875,322.000001
2019-09-01,3.672994,110.757731,476.371492,59.503,1.486799,1.7025,84.488679,1.779527,4.145411,2.097009,1.331875,7.1567,23.606036,6.78433,120.152621,16.5335,29.384233,0.909878,0.822466,2.94,5.470768,7.682085,7.84265,24.624031,301.48,14185.004277,3.530704,71.74053,135.489878,0.709003,106.13675,103.5,69.648252,1210.149135,387.389155,9.653725,2660.71,20.10847,4.205481,363.0,9.1146,114.231683,1.587441,52.1594,156.834682,3.980208,4.300178,66.7834,3.7505,9.8197,1.389449,15.208644,30.64,2.879289,5.837386,6.778756,31.328909,25.15112,3689.862397,1.0,36.639125,9385.694906,23285.596337,15.236245,322.000001
2019-10-01,3.673181,111.713136,474.669012,57.416457,1.490807,1.7025,84.24184,1.79149,4.156381,2.077292,1.32183,7.1483,23.5774,6.828339,120.429382,16.275,29.194553,0.914453,0.813554,2.985,5.373795,7.706734,7.84225,24.538887,306.82,14171.8,3.48267,71.109642,133.735511,0.709001,107.75116353,103.83,69.589901,1202.68,387.453096,9.717784,2664.591824,19.8189,4.192522,361.822889,9.1253,113.273312,1.601732,51.9683,156.354548,4.004257,4.341022,65.2647,3.7512,9.873954,1.385268,15.270458,30.6295,2.867339,5.721194,6.757444,31.040001,24.457621,3671.943372,1.0,36.753973,9418.138875,23127.447704,15.337904,322.000001
2019-11-01,3.672857,110.471189,476.485579,59.509665,1.4474,1.7025,84.774813,1.75109,3.9903,2.051928,1.31575,7.0374,22.8455,6.6918,119.448611,16.1036,29.584601,0.895396,0.7727,2.955,5.492364,7.711463,7.8366,24.657571,293.77,13992.2,3.5251,70.705004,138.563607,0.7085,108.20502495,103.25,69.651249,1164.7,389.714902,9.613342,2675.549329,19.1099,4.1655,362.0,9.09567,113.230544,1.555694,50.374815,154.962204,3.808141,4.2576,63.5163,3.750101,9.6804,1.3581,15.139698,30.101407,2.833,5.712,6.746477,30.449001,24.81048,3709.978911,1.0,37.445964,9446.96807,23129.423867,15.0285,322.000001
2019-12-01,3.672943,111.374831,477.058367,59.655938,1.47812,1.7025,84.72702,1.775112,4.237394,2.106978,1.32857,7.03255,23.181699,6.781477,120.258726,16.120776,30.597792,0.907568,0.774451,2.965,5.610069,7.684775,7.82863,24.610651,303.806,14076.905917,3.470876,71.751571,140.55937,0.7095,109.5345,102.630529,69.670193,1181.699991,385.808954,9.653107,2690.319986,19.539201,4.176499,362.218155,9.2088,114.556443,1.55475,50.853577,155.025244,3.912925,4.339769,64.314139,3.74995,9.573272,1.367299,14.637618,30.217003,2.846,5.749979,6.743328,30.506759,23.907371,3692.617287,1.0,37.91021,9497.844149,23134.250201,14.657312,322.000001
2020-01-01,3.6732,109.153557,481.455326,59.927532,1.424502,1.7025,85.330826,1.743913,4.019699,2.120406,1.29765,6.9632,22.658099,6.65934,119.083,16.0423,32.083882,0.891348,0.754603,2.86,5.638781,7.744595,7.79267,24.652427,294.97,13893.633074,3.4542,71.227994,133.215133,0.709,108.72525,101.74116,69.500849,1154.969938,384.888748,9.614252,2700.089231,18.914,4.0905,366.116194,8.77476,114.802394,1.484656,50.637784,155.660067,3.79315,4.264785,61.865,3.75137,9.346581,1.345237,14.112618,30.069,2.775,5.9474,6.796383,29.913999,23.821674,3683.813916,1.0,37.332256,9505.639448,23191.333051,14.0095,322.000001
2020-02-01,3.6731,110.05,478.627644,60.268339,1.493875,1.7025,84.810816,1.76565,4.2825,2.140531,1.32376,6.9367,22.73345,6.73485,120.04663,15.800006,32.1,0.901364,0.757312,2.89,5.5,7.66421,7.76626,24.82,303.96,13772.2,3.4485,71.499,139.529549,0.7085,108.39497603,100.35,69.670193,1195.97,379.46905,9.59625,2707.543909,18.8436,4.0961,362.0,9.2058,114.048649,1.547126,51.008177,154.45,3.8729,4.3079,63.975,3.751678,9.631715,1.364875,14.775,31.208819,2.82,5.982,6.75593,30.361,25.048804,3676.593754,1.0,37.593613,9545.0,23103.755973,15.00687,322.000001
2020-03-01,3.673029,111.7,478.382094,61.992506,1.545679,1.7025,84.801409,1.772365,4.4788,2.238507,1.343705,6.9919,23.03865,6.762288,119.950648,15.597755,32.35,0.904912,0.782441,2.79,5.397645,7.625249,7.793545,24.93,307.055212,13947.217061,3.49273,72.175,137.191023,0.7087,107.431,101.189706,69.850343,1200.315,378.449213,9.5975,2756.719824,19.864998,4.2135,365.5,9.432995,115.526779,1.612384,50.857162,154.3,3.91835,4.38391,67.1485,3.7516,9.630967,1.39616,15.291478,31.460644,2.8475,6.25518,6.758648,30.139,24.601068,3708.34212,1.0,38.962419,9526.0,23120.159607,15.809005,322.000001
2020-04-01,3.6732,117.001335,501.981551,64.4365,1.641998,1.7025,84.984209,1.785387,5.2497,2.596576,1.415206,7.1003,25.1212,6.8154,125.134423,15.7475,33.053674,0.913105,0.807676,3.285,5.770156,7.703517,7.75235,24.916003,331.769125,16030.4,3.60233,76.586,134.024192,0.709,107.29594444,105.2,75.025898,1235.804946,449.825523,10.166416,2762.660338,24.224925,4.3576,388.929042,10.45739,120.578448,1.68492,50.942241,166.445133,4.199029,4.4076,78.7012,3.762044,10.035023,1.434947,17.901394,33.0895,2.863,6.70754,6.759611,30.232999,27.700044,3796.670093,1.0,44.000478,9576.465792,23574.305132,18.2611,322.000001
2020-05-01,3.67305,112.2625,479.541493,65.922314,1.5576,1.7025,84.951296,1.78645,5.4873,2.420698,1.42635,7.0624,24.7835,6.794,128.25,15.54464,33.535,0.901429,0.799872,3.205,5.8,7.718042,7.76275,25.009999,321.96,14678.866,3.5085,75.859,140.676469,0.709,106.93,107.3,78.888749,1224.929962,426.040841,9.847,2784.606514,24.6026,4.2975,389.51,10.2982,120.110735,1.648533,49.910013,160.375,4.16355,4.4075,75.3825,3.755623,9.8415,1.4154,18.53,32.3,2.9005,7.012,6.752125,29.906998,26.94447,3800.226292,1.0,42.724486,10122.5,22966.348698,18.8125,322.000001
2020-06-01,3.6732,111.73701,483.423,68.578274,1.474066,1.7025,84.914826,1.756575,5.368,2.407438,1.358295,7.1278,24.038999,6.701492,128.375,15.9352,34.232514,0.89884,0.800865,3.17,5.74475,7.689254,7.75119,24.929813,309.979309,14597.162,3.494788,75.5136,142.874268,0.709,107.561,106.8,73.571351,1223.059968,407.709748,9.778806,2804.906131,22.0553,4.3145,387.055184,9.636466,120.781623,1.591989,50.338413,163.035287,3.957683,4.3645,69.105,3.753749,9.375505,1.4083,17.429861,31.6675,2.86375,6.81365,6.754335,29.906,26.794147,3779.629426,1.0,43.305117,10151.043522,23224.12301,17.386996,322.000001
2020-07-01,3.67302,110.5,481.616228,70.5103,1.446927,1.7025,84.90361,1.736316,5.3177,2.430543,1.359322,7.0712,23.64665,6.6234,129.03615,16.1275,34.81,0.888778,0.80215,3.075,5.795,7.703915,7.750685,24.930001,313.471333,14255.6235,3.45021,75.455152,139.131205,0.709,107.375,106.45,76.779506,1201.700035,406.938801,9.717121,2825.534688,22.714367,4.2865,387.882448,9.51405,120.980389,1.543565,49.824482,167.89161,3.977683,4.3024,70.646424,3.751156,9.308328,1.39393,17.256395,31.034499,2.8655,6.847262,6.752623,29.4427,26.818576,3727.662829,1.0,42.217801,10185.0,23106.852789,17.052774,322.0
2020-08-01,3.67295,105.3,481.616228,72.3764,1.400796,1.7025,84.827612,1.653791,5.22265,2.448488,1.341145,6.9752,22.2873,6.3237,127.95,15.986417,35.25,0.848983,0.764213,3.09,5.765,7.711148,7.750426,24.95,292.153,14700.05,3.4047,74.9299,147.165543,0.709,105.839,107.76,76.654377,1194.39,421.969634,9.32,2847.736106,22.283049,4.24,388.18,9.1075,119.574822,1.508102,49.179631,167.63,3.74805,4.10375,74.39,3.750568,8.778475,1.3748,16.649262,31.257216,2.7555,6.9725,6.765981,29.325,27.715963,3689.635771,1.0,42.360892,10195.0,23180.0,17.06885,322.0
2020-09-01,3.6732,103.590469,481.616228,74.249983,1.355547,1.7025,84.773217,1.642544,5.399299,2.640333,1.3055,6.8285,22.0203,6.243287,127.918449,15.8721,36.650392,0.838739,0.746275,3.088948,5.772837,7.726663,7.75075,24.646237,298.583414,14649.436556,3.35506,73.05035,148.23595,0.709,105.89799695,108.29,77.982926,1185.44,418.270946,9.117813,2851.576,21.74511,4.1475,386.388419,8.751297,116.233114,1.4776,48.613967,165.377236,3.68087,4.06,73.5946,3.750954,8.678161,1.360751,16.640024,31.124694,2.725434,7.3707,6.774317,29.318799,27.597914,3677.58904,1.0,42.604356,10259.048968,23300.464168,16.632001,322.0
2020-10-01,3.6732,105.583573,481.616228,76.18697,1.3924,1.7025,84.729365,1.665345,5.6435,2.615188,1.32863,6.7904,22.866299,6.3379,128.999201,15.7508,36.758293,0.851495,0.776096,3.275,5.792352,7.77644,7.75025,24.641187,305.63,14825.129938,3.42723,73.25435,141.462785,0.709,105.5515,108.44,79.319049,1162.98,429.36278,9.240842,2860.263212,21.8459,4.1505,381.440131,9.310047,117.895494,1.503545,48.46012,165.066635,3.816469,4.15,77.2495,3.750601,8.922334,1.363234,16.617585,31.59,2.7615,7.7562,6.787749,28.88202,28.32166,3710.131916,1.0,42.462275,10312.186945,23187.817951,16.53725,322.0
2020-11-01,3.672973,106.164824,481.616228,78.380782,1.426991,1.7025,84.861557,1.677486,5.743143,2.630393,1.33688,6.6922,23.417937,6.3952,128.762187,15.710108,37.800172,0.858974,0.773636,3.24,5.82651,7.796237,7.75278,24.57,314.919281,14635.634,3.40655,74.635498,146.606425,0.709,104.565,108.72,81.801901,1136.65514,432.879315,9.226801,2856.162511,21.276949,4.15325,380.479532,9.573556,119.265919,1.515705,48.572314,160.45,3.962207,4.17732,79.46435,3.7504,8.912927,1.367662,16.3,31.200483,2.775,8.37099,6.798323,28.59878,28.460121,3739.470952,1.0,42.930329,10357.387561,23244.742396,16.2771,322.0
2020-12-01,3.6732,103.47534,481.616228,81.436045,1.354903,1.7025,84.815582,1.619192,5.2063,2.588408,1.29345,6.5723,21.768098,6.16619,128.908045,15.6604,38.216351,0.828445,0.745054,3.32,5.860367,7.816866,7.7522,24.298414,295.337206,14121.33303,3.28908,73.46575,146.420256,0.709,104.301,110.25,84.7999,1106.41,425.797395,9.062999,2852.501598,20.0319,4.075,380.828546,8.8137,117.880695,1.414549,48.010366,159.584229,3.685482,4.0345,75.9935,3.750694,8.48581,1.337384,15.332019,30.23,2.727,7.8225,6.796745,28.486098,28.574187,3700.865237,1.0,42.531864,10432.696282,22935.306972,15.2478,322.0
